TWFE,BACON,BACONWT,EVENTSTUDY,CSNEVER,CSNOTYET,BORUSYAK,WOOLDRIDGE
-3.0799258,-.18677004,.11065403,-4.8562813,-8.1389322,-7.2600379,-6.1869917,-4.8626032
2.4939313,3.5119669,.26464364,,3.2504511,3.2648208,2.7898788,
,-5.3309069,.24027014,,,,,
,-7.0436888,.3844322,,,,,
